,Hotel Name,Reviews
0,The Lalit New Delhi,"9,056 reviews"
1,"The Oberoi, New Delhi","2,595 reviews"
2,The Park New Delhi,"4,833 reviews"
3,"Taj Palace, New Delhi","4,143 reviews"
4,Pullman New Delhi Aerocity,"3,183 reviews"
5,Sheraton New Delhi Hotel,"2,981 reviews"
6,Le Meridien New Delhi,"4,583 reviews"
7,The Leela Palace New Delhi,"3,779 reviews"
8,The Roseate New Delhi,"1,961 reviews"
9,JW Marriott Hotel New Delhi Aerocity,"3,973 reviews"
10,"Pride Plaza Hotel Aerocity, New Delhi","5,244 reviews"
11,Roseate House New Delhi,"2,262 reviews"
12,"Shangri-La's - Eros Hotel, New Delhi","4,443 reviews"
13,The Suryaa New Delhi,"4,082 reviews"
14,Hotel Novotel New Delhi Aerocity,"2,746 reviews"
15,"Ambassador, New Delhi - IHCL SeleQtions","1,389 reviews"
16,bloomrooms @ New Delhi Railway Station,"1,762 reviews"
17,Hilton Garden Inn New Delhi / Saket,"2,083 reviews"
18,The Claridges Hotel,"4,134 reviews"
19,"ITC Maurya, a Luxury Collection Hotel, New Delhi","4,975 reviews"
20,Holiday Inn New Delhi International Airport,"3,037 reviews"
21,Radisson Blu Hotel New Delhi Dwarka,"4,460 reviews"
22,The Grand New Delhi,"2,096 reviews"
23,Vivanta New Delhi Dwarka,"2,018 reviews"
24,Ginger New Delhi,"1,330 reviews"
25,Aloft New Delhi Aerocity,796 reviews
26,Hyatt Regency Delhi,"3,745 reviews"
27,ibis New Delhi Aerocity,"2,399 reviews"
28,Andaz Delhi,"3,384 reviews"
29,Crowne Plaza Today New Delhi Okhla,"1,422 reviews"
30,The Imperial Hotel,"3,824 reviews"
31,DoubleTree by Hilton Gurgaon-New Delhi NCR,"2,602 reviews"
32,Shanti Home,"1,301 reviews"
33,Radisson Blu Plaza Delhi Airport,"7,084 reviews"
34,Maidens Hotel,"1,618 reviews"
35,Hotel Ajanta,"2,284 reviews"
36,Fraser Suites New Delhi,425 reviews
37,Radisson Blu Hotel New Delhi Paschim Vihar,"2,517 reviews"
38,Colonel's Retreat,928 reviews
39,Hotel Godwin Deluxe,"1,193 reviews"
40,"juSTa Greater Kailash, New Delhi","1,215 reviews"
41,The Prime Balaji Deluxe @ New Delhi Railway Station Hotel,799 reviews
42,Hotel Grand Godwin,"1,544 reviews"
43,Zostel Delhi,990 reviews
44,Hotel City Star,"1,742 reviews"
45,Smyle Inn,"1,211 reviews"
46,Holiday Inn New Delhi Mayur Vihar Noida,"1,164 reviews"
47,The Lodhi,982 reviews
48,Eleven,649 reviews
49,"The Leela Ambience Convention Hotel, Delhi","4,170 reviews"
50,WelcomHotel Dwarka,"4,110 reviews"
51,"Lemon Tree Premier, Delhi Airport","4,073 reviews"
52,Tree Of Life,556 reviews
53,Taj Mahal Hotel,"2,708 reviews"
54,The Metropolitan Hotel & Spa,"2,497 reviews"
55,Delhi Bed and Breakfast,384 reviews
56,Haveli Hauz Khas,379 reviews
57,Holiday Inn Express New Delhi International Airport T3,789 reviews
58,The Ashok,778 reviews
59,The Manor,508 reviews
60,Jaypee Siddharth,"1,721 reviews"
61,Wood Castle,"1,204 reviews"
62,Tatvamasi Homestay,443 reviews
63,Hotel Hari Piorko,"2,171 reviews"
64,Sham Nath Villa,324 reviews
65,Crowne Plaza New Delhi Rohini,"1,212 reviews"
66,Bajaj Indian Home Stay,338 reviews
67,Madpackers Delhi,432 reviews
68,bloomrooms @ Link Road,"1,189 reviews"
69,"Four Points by Sheraton New Delhi, Airport Highway",848 reviews
70,Hotel Amax Inn,"1,096 reviews"
71,Radisson Blu Marina Connaught Place,"1,538 reviews"
72,La Sagrita,491 reviews
73,Classic Diplomat - New Delhi,318 reviews
74,Hotel Sunstar Grand,869 reviews
75,Hotel The Royal Plaza,"3,796 reviews"
76,Scarlette New Delhi,130 reviews
77,Jugaad Hostels,384 reviews
78,BnB Chrysalis,352 reviews
79,Lutyens Bungalow,281 reviews
80,OYO 2902 Hotel Lal's Haveli,291 reviews
81,Grace Home,309 reviews
82,The Hans Hotel,851 reviews
83,"Le Meridien Gurgaon, Delhi NCR","1,784 reviews"
84,Red Maple Bed and Breakfast,192 reviews
85,The Ashtan Sarovar Portico,549 reviews
86,Hotel Aman Continental,270 reviews
87,Devna,308 reviews
88,Master Bed and Breakfast,299 reviews
89,Crowne Plaza New Delhi Mayur Vihar Noida,"1,207 reviews"
90,Home@F37,295 reviews
91,Tree Tops,244 reviews
92,iLodge @ DB Gupta Rd,313 reviews
93,Megha Homestay,305 reviews
94,"Red Fox Hotel, Delhi Airport","3,210 reviews"
95,Park Inn By Radisson New Delhi IP Extension,741 reviews
96,Mala Bindra B&B,118 reviews
97,76 Friends Colony,102 reviews
98,Chhoti Haveli,214 reviews
99,"The Westin Gurgaon, New Delhi","2,181 reviews"
100,Jaypee Vasant Continental,"1,065 reviews"
101,Jorbagh BnB,173 reviews
102,Joey's Hostel,197 reviews
103,Hotel Le Roi Delhi,865 reviews
104,B Nineteen (B-19) Bed & Breakfast,161 reviews
105,Bungalow 99,109 reviews
106,G - 49 Bed & Breakfast,306 reviews
107,Yatri House,222 reviews
108,The Leela Ambience Gurugram Hotel & Residences,"2,984 reviews"
109,Heritage Village Resort & Spa,"1,730 reviews"
110,Hotel The Spot,345 reviews
111,Wood Castle Grand,263 reviews
112,Hindustan by Backpackers Heaven,223 reviews
113,Mister and Art House,74 reviews
114,Anikas Nest Delhi,94 reviews
115,Ahuja Residency Golf Links,129 reviews
116,Suncourt Hotel Yatri,940 reviews
117,Hotel Broadway,239 reviews
118,The Legend Inn,341 reviews
119,Taurus Sarovar Portico,894 reviews
120,On The House,292 reviews
121,Lifetree Bed & Breakfast,211 reviews
122,Ahtushi's Bed & Breakfast,54 reviews
123,Sai Villa,267 reviews
124,Nina Kochhar's Homestay,67 reviews
125,Hotel Arjun,322 reviews
126,K One One,147 reviews
127,Hotel Parkway Deluxe,139 reviews
128,Hotel Delhi 55,176 reviews
129,Hotel Grand Park Inn,653 reviews
130,Hotel Tourist Deluxe,123 reviews
131,Eros Hotel,"2,833 reviews"
132,"ITC Grand Bharat, Gurgaon - a Luxury Collection Retreat","1,244 reviews"
133,Treebo Trend Natraj Yes Please,431 reviews
134,Amaaya,116 reviews
135,Jaypee Greens Golf & Spa Resort,"1,376 reviews"
136,The Estate Villa,180 reviews
137,Amarya Villa,242 reviews
138,Trimrooms Palm D'or @ New Delhi Railway Station,252 reviews
139,Hotel Bright,394 reviews
140,Capital O 487 Hotel Yugvilla,235 reviews
141,Redleaf Serviced Apartments,124 reviews
142,Hotel S.B. Inn,140 reviews
143,Hotel Payal,165 reviews
144,New King Hotel,110 reviews
145,OYO 1660 Hotel Topaz,91 reviews
146,"Country Inn & Suites by Radisson, Delhi Saket",871 reviews
147,Hotel Shelton,581 reviews
148,Crest Inn Hotel New Delhi,155 reviews
149,Hotel O'delhi,111 reviews
150,Hotel Prince Palace Deluxe,208 reviews
151,The Sunder,103 reviews
152,Hotel Toronto,346 reviews
153,Park Plaza Delhi CBD Shahdara,"1,770 reviews"
154,Hotel Raj,365 reviews
155,Jyoti Mahal,511 reviews
156,Metropolis Tourist Home,182 reviews
157,Red Fox Hotel East Delhi,749 reviews
158,The Muse Sarovar Portico,552 reviews
159,Radisson Blu Hotel Noida,"1,714 reviews"
160,Radisson Blu Kaushambi Delhi NCR,"1,144 reviews"
161,Park Inn by Radisson New Delhi Lajpat Nagar,208 reviews
162,Capital O 16011 Hotel Mohan International,265 reviews
163,OYO 44081 Hotel Royal Holidays,197 reviews
164,Aashiyan Bed & Breakfast,193 reviews
165,Hotel Tara Palace Daryaganj,113 reviews
166,Hotel Rama Inn,149 reviews
167,Hotel Sunstar Heritage,344 reviews
168,Hotel Sita International,153 reviews
169,FabHotel Rockwell Plaza,314 reviews
170,juSTa Atrio,276 reviews
171,Hotel Cabana,308 reviews
172,Hotel Palace Heights,830 reviews
173,The Hosteller,162 reviews
174,Diya Bed & Breakfast,53 reviews
175,"Ameya Suites, New Delhi",73 reviews
176,Hotel Florence,423 reviews
177,bloomrooms @ Janpath,180 reviews
178,Rockland Hotel C R Park,347 reviews
179,Hotel Surya International,377 reviews
180,Hotel Pooja Palace,337 reviews
181,Hotel Southern,409 reviews
182,Hotel City Empire,98 reviews
183,Hotel Suncourt Corporate,306 reviews
184,Hotel All Iz Well,339 reviews
185,India Luxury Homes,89 reviews
186,Hotel Delhi City Centre,340 reviews
187,Ashok Country Resort,431 reviews
188,Treebo Trend Singh Sons,374 reviews
189,Hotel Krishna,495 reviews
190,Sarovar Portico Naraina,232 reviews
191,Fortune Park Boulevard,315 reviews
192,Hotel Regent Grand,239 reviews
193,Tej Abode,85 reviews
194,Hotel Golden Wings,60 reviews
195,Maya's Nest,361 reviews
196,Hotel Jivitesh,470 reviews
197,"Anya Gurgaon, New Delhi NCR","1,154 reviews"
198,IYH New Delhi (International Youth Hostel),50 reviews
199,Hotel Elegance,142 reviews
200,Dewdrop Intercity Hotel,319 reviews
201,Corus Hotel,318 reviews
202,The Visaya,547 reviews
203,"Emblem Hotel, New Friends Colony",156 reviews
204,Hotel Vikram,287 reviews
205,Hotel Staywell Dx.,126 reviews
206,Ginger East Delhi,709 reviews
207,Hotel Delhi Aerocity,734 reviews
208,Hotel La Suite,379 reviews
209,OYO 510 Hotel Chand Palace,130 reviews
210,Hotel Aman International,149 reviews
211,Saket Bed and Breakfast,419 reviews
212,Thikana,652 reviews
213,Shervani Nehru Place,273 reviews
214,"Neemrana's - Hill-Fort, Kesroli",934 reviews
215,Hotel Singh Empire Dx,121 reviews
216,Serene Delhi,206 reviews
217,Home Away Home,46 reviews
218,Vandana's Bed and Breakfast,55 reviews
219,Hotel Nitya Maharani,94 reviews
220,Hotel Clark International,246 reviews
221,FabHotel Transit Delhi Airport,236 reviews
222,The Janpath Hotel,246 reviews
223,Mantra Amaltas,252 reviews
224,The Muse Sarovar Portico New Delhi Kapashera,953 reviews
225,OYO Rooms New Delhi Railway Station,43 reviews
226,Hotel Shanti Palace (Mahipalpur),370 reviews
227,The Stay Inn,60 reviews
228,Ramada by Wyndham Neemrana,652 reviews
229,Treebo Tryst Amber,542 reviews
230,Wongdhen House,94 reviews
231,Mystique Moments B&B,62 reviews
232,FabHotel Prime Shervani,173 reviews
233,Hotel Aira Xing,71 reviews
234,Capital O 312 Hotel Aster Inn,281 reviews
235,"Country Inn & Suites by Radisson, Delhi Satbari",331 reviews
236,Hotel Meridian Plaza,217 reviews
237,Hotel Aura,515 reviews
238,Capital O 10750 Hotel Vivek,372 reviews
239,Cottage Ganga Inn,357 reviews
240,Hotel Sunstar Residency,365 reviews
241,Hotel Nirmal Mahal,253 reviews
242,FabHotel White Klove Paharganj,424 reviews
243,LetsBunk Poshtel,84 reviews
244,Atlanta @ New Delhi Train Station,46 reviews
245,Siesta Basil - Okhla,175 reviews
246,Almondz Hotel,307 reviews
247,FabHotel Cabana GK1,160 reviews
248,OYO 13774 Check In Room,185 reviews
249,Cottage Yes Please,413 reviews
250,The Beaufort Inn,188 reviews
251,OYO 696 Hotel Euro Star International,224 reviews
252,Airport Hotel,241 reviews
253,India Habitat Centre,173 reviews
254,Hotel Sunrise,206 reviews
255,Hotel Pawan Plaza,205 reviews
256,"Pamposh Guest House, New Delhi",26 reviews
257,Capital O 2382 Hotel White House Continental,167 reviews
258,Hotel Eternity,149 reviews
259,Hotel Tara Palace Chandni Chowk,542 reviews
260,The Pearl Hotel,232 reviews
261,SAMS Sleeping Pods,111 reviews
262,Rockland Hotel Panchsheel Enclave,168 reviews
263,Hotel Diplomat,128 reviews
264,Capital O 7135 Hotel Blue Sapphire,126 reviews
265,Treebo Tryst Royce,103 reviews
266,Hotel Saar Inn,152 reviews
267,Hotel Metro Heights,160 reviews
268,Alpina Hotels & Suites,120 reviews
269,OYO 329 Hotel C-Park Inn,130 reviews
270,Prakash Kutir B&B,56 reviews
271,Hotel Delhi Pride,198 reviews
272,OYO 14687 Hotel Avtar,75 reviews
273,Indee Home,75 reviews
274,Hotel Chanchal Continental,99 reviews
275,Hotel Madonna,84 reviews
276,Hotel Gold Regency,101 reviews
277,Hotel Chanchal Deluxe,75 reviews
278,Kuldeep Friends Hostel,68 reviews
279,OYO 14710 Hotel Pallvi Palace,79 reviews
280,Hotel Vanson Villa,63 reviews
281,"Centaur Hotel, IGI Airport",287 reviews
282,Hotel Unistar,93 reviews
283,Rams Inn,88 reviews
284,OYO 4212 Hotel Vedas Heritage,88 reviews
285,OYO 5795 Ashoka International,80 reviews
286,Hotel Pluto's,135 reviews
287,Hotel Glow Inn,81 reviews
288,Indira International Hotel,90 reviews
289,The JRD Luxury Boutique Hotel,167 reviews
290,Jeraths Villa,50 reviews
291,Sunshine Villa,34 reviews
292,Check In Room Main Bazar,119 reviews
293,Trimrooms Star Plaza,204 reviews
294,Grand Hira Resorts,227 reviews
295,Dwarka Palace,225 reviews
296,Hotel Shiva Intercontinental,81 reviews
297,Check In Room Sangatrashan,112 reviews
298,Inn at Delhi,177 reviews
299,Hotel Jukaso Inn Down Town,96 reviews
300,Hotel Golden Grand,145 reviews
301,Neemrana's Tijara Fort-Palace,378 reviews
302,Ahuja Residency Sunder Nagar,199 reviews
303,Hotel Sunstar Heights,218 reviews
304,Hotel Namaskar,182 reviews
305,goStops Delhi,652 reviews
306,Hotel Singh International,67 reviews
307,Crowne Plaza Hotel Gurgaon,"1,727 reviews"
308,WelcomHeritage Haveli Dharampura,395 reviews
309,Mayur Hotel,46 reviews
310,Buena Vista Inn,69 reviews
311,Collection O 30095 Nauroji Nagar Marg,201 reviews
312,Hotel Blessings,121 reviews
313,The Fort Unchagaon By Aspen,183 reviews
314,Hotel Su Shree Continental,195 reviews
315,Moustache Hostel Delhi,94 reviews
316,The Hospitality Home Bed & Breakfast,124 reviews
317,Alila Fort Bishangarh,416 reviews
318,Hotel Ivory Palace,110 reviews
319,OYO 524 Hotel Sun International,135 reviews
320,The Athena Hotel,76 reviews
321,Hotel Metropolitan,83 reviews
322,Woodland Deluxe,92 reviews
323,Hotel Gulnar,176 reviews
324,Hotel Shri Vinayak,71 reviews
325,Hotel Presidency,57 reviews
326,The Swiss Palms,40 reviews
327,Karma Chalets,105 reviews
328,OYO 26216 Hotel Maanvi,52 reviews
329,Janpath Guest House,33 reviews
330,Bed and Chai Guest House,239 reviews
331,Omega Residency,55 reviews
332,Hotel Moments,112 reviews
333,Hotel Today International,83 reviews
334,Villa 33,58 reviews
335,OYO 9149 Hotel Delhi Aerocity Inn,39 reviews
336,Shri Delhi Gujarati Samaj,39 reviews
337,Hide-In Hostel Delhi,47 reviews
338,Anila Boutique Hotel,119 reviews
339,Regale Inn,112 reviews
340,Hotel Legend International,69 reviews
341,Hotel Cosy Grand,197 reviews
342,GG Bed and Breakfast,49 reviews
343,Tavisha Hotel,194 reviews
344,Amara Hotel,102 reviews
345,Capital O 9761 Hotel Clark Heights,168 reviews
346,Hotel La Vista,92 reviews
347,Srivastav Inn,28 reviews
348,Hotel Taksh Inn,99 reviews
349,Zaza Stay,42 reviews
350,Taj Princess Hotel,299 reviews
351,Hotel Kabli,314 reviews
352,Hotel Hill Palace,130 reviews
353,"Radisson Gurugram, Udyog Vihar","1,408 reviews"
354,The Backpackers Hostel,80 reviews
355,The Neem,63 reviews
356,Hotel Shanti Plaza,84 reviews
357,Hotel Baba Residency,46 reviews
358,Hotel Star Palace,54 reviews
359,Hotel Jewel Palace,50 reviews
360,OYO 497 Hotel Welcome Palace,45 reviews
361,Hotel Sunshine,209 reviews
362,Colonel's Retreat At The Airport,231 reviews
363,Hotel Metro View,218 reviews
364,Check In Room New Delhi Railway Station,35 reviews
365,Sohana Palace,38 reviews
366,Green Leaf Hotels,23 reviews
367,The Allure - A Boutique Hotel,152 reviews
368,Glitz Westend Inn,136 reviews
369,Hotel The Karlo Kastle,73 reviews
370,"juSTa Panchsheel Park, New Delhi",982 reviews
371,Collection O 30040 Chirag Residency Nehru Place,151 reviews
372,Hotel Delhi Heights,75 reviews
373,Hotel City Park,231 reviews
374,Hotel Saptagiri,195 reviews
375,The Shipra International,65 reviews
376,YWCA International Hostel,55 reviews
377,Hotel Megha Sheraton,62 reviews
378,OYO 18633 Blue Triangle Family Hostel,68 reviews
379,Hotel Rak International,104 reviews
380,Clarion Collection,129 reviews
381,Hotel Good Palace,195 reviews
382,Dan & Clover Home,48 reviews
383,Boribista Hostel,73 reviews
384,Hotel Mint Casa,71 reviews
385,Treebo Trend Freesia,99 reviews
386,Treehouse Today's Sunrise Resort,319 reviews
387,YMCA Tourist Hostel,161 reviews
388,Delhi Bed and Breakfast,18 reviews
389,Udman Hotels and Resorts by Ferns N Petals,185 reviews
390,Hotel Swaran Palace,109 reviews
391,Hyatt Place Gurgaon Udyog Vihar,"1,303 reviews"
392,Hotel Alka Classic,166 reviews
393,Inn Tawang,140 reviews
394,FabHotel Jasmine Boutique,120 reviews
395,Hyatt Regency Gurgaon,"2,381 reviews"
396,Skylink Suites & Apartments,25 reviews
397,Hotel Maharaja Continental,39 reviews
398,OYO 3046 Hotel Sawera,42 reviews
399,Emarald Hotel,59 reviews
400,Hotel SPB 87,94 reviews
401,Hotel Tourist,47 reviews
402,Trimrooms Uppal International,162 reviews
403,Eagle Motel,94 reviews
404,Prem Sagar Guest House,73 reviews
405,Hotel Swati,158 reviews
406,Bunkmates,52 reviews
407,Hotel Persona International,172 reviews
408,Hotel 55,42 reviews
409,OYO 37142 Akshay Dx,14 reviews
410,Apartment 18,22 reviews
411,THE PEARL - A Royal Residency,81 reviews
412,Aamod Mud Fort - Kuchesar,118 reviews
413,Hotel Swati Deluxe,191 reviews
414,OYO 3647 Hotel Rahul Palace,75 reviews
415,Saket 27,82 reviews
416,Lords Inn,32 reviews
417,OYO 22154 Hotel Delhi Darbar,87 reviews
418,Treebo Trend Sisley the Boutique,169 reviews
419,Avalon Courtyard,168 reviews
420,Hotel Shimla Heritage,99 reviews
421,New Ashoka Continental,56 reviews
422,OYO Rooms Rail Yatri Niwas,38 reviews
423,Treebo Trend S&B East Inn,106 reviews
424,Vivanta by Taj,147 reviews
425,Park Plaza Hotel Gurgaon,630 reviews
426,OYO 2984 Hotel Sun City,203 reviews
427,OYO 12995 Hotel Delhi Inn,182 reviews
428,Hotel Kyron,78 reviews
429,OYO 1908 Hotel Universe Inn,51 reviews
430,Hotel City Park Airport,123 reviews
431,Evergreen Delhi - Bed & Breakfast,29 reviews
432,FabHotel Delhi Heart,17 reviews
433,Pals Inn,100 reviews
434,Hotel Gold Souk,106 reviews
435,Hotel Krishna Deluxe,179 reviews
436,Hotel Star Paradise,75 reviews
437,Hotel Baba Deluxe,50 reviews
438,Aloha On The Ganges by Leisure Hotels,"2,066 reviews"
439,Svelte Hotel and Personal Suites,562 reviews
440,Laxmi Vilas Palace Hotel,575 reviews
441,Apartment 52,65 reviews
442,Hotel Kwality,102 reviews
443,Hotel Classic,104 reviews
444,OYO 3669 Hotel Vista Inn,106 reviews
445,OYO 7634 Hotel Delhi Continental,16 reviews
446,New Delhi YMCA Tourist Hostel,28 reviews
447,Ajay Guest House,173 reviews
448,OYO 572 Hotel Amrit Villa,52 reviews
449,Fortune Park DJ Avenue,108 reviews
450,AyurVAID Kalmatia,185 reviews
451,OYO 9570 Pulse Impulse BnB,64 reviews
452,Hotel Blue Stone - Nehru Place,121 reviews
453,Capital O 1986 Hotel Heritage,105 reviews
454,Hotel Aiwan-e-Shahi,41 reviews
455,OYO 551 Hotel York,65 reviews
456,Hotel Shangri-la,72 reviews
457,Hotel Walnut Castle,99 reviews
458,Treebo Trend Paras International,67 reviews
459,Hotel Cosy Palace,120 reviews
460,FabHotel BMK Greater Kailash,78 reviews
461,OYO 1670 Cotts Villa,40 reviews
462,Hotel Global Radiance,79 reviews
463,Hotel Mint Oodles,113 reviews
464,Hotel Jaggi Palace,53 reviews
465,Ram Bihari Palace,123 reviews
466,Nestling Meadows,67 reviews
467,The Orchard at Peora Estates,125 reviews
468,Hotel Karat 87 Inn,57 reviews
469,Hotel Fortuner,52 reviews
470,Hotel Perfect,270 reviews
471,Collection O 219 JHT Hotels,102 reviews
472,The Daanish Residency,128 reviews
473,Hotel Blue Pearl Paharganj,58 reviews
474,Hotel Pearl Plaza,59 reviews
475,S K Premium Park,186 reviews
476,Golden Creepers Farm Retreat,90 reviews
477,Hotel Pitrashish Premium,40 reviews
478,Green Meadow,39 reviews
479,Colonels Retreat 2,17 reviews
480,Green Villa,29 reviews
481,Lutyens Resort,80 reviews
482,Hotel Superb,38 reviews
483,Hotel Southgate,109 reviews
484,AapnoGhar Resort,196 reviews
485,Seven Seas Hotel,119 reviews
486,The Icon,48 reviews
487,OYO 24947 Hotel Metro Tower,230 reviews
488,The Lohmod Hotel,195 reviews
489,Deer Park Villa,48 reviews
490,Hotel New India,59 reviews
491,Best Western Delhi Inn,87 reviews
492,Hotel Apra International,52 reviews
493,Hotel Peace Point,17 reviews
494,Ever Green Guest House,49 reviews
495,Hotel Baba Inn,26 reviews
496,The Jacaranda,11 reviews
497,The Gateway Resort Damdama Lake Gurgaon,"1,523 reviews"
498,Treebo Trend Citi International,160 reviews
499,Baghaan Orchard Retreat,168 reviews
500,Madhuban Hotel,163 reviews
501,Hotel Shiv Dev International,126 reviews
502,Aagami Hotel,95 reviews
503,OYO 64027 Luv Kush Deluxe,56 reviews
504,Hotel Raunak International,145 reviews
505,Hotel Express 66,78 reviews
506,FabHotel Sage,99 reviews
507,Maurya Heritage Hotel,66 reviews
508,OYO 2202 Hotel City Heights,69 reviews
509,OYO 337 Hotel Anand,71 reviews
510,Hotel Le Benz,94 reviews
511,Hotel De Holiday International,64 reviews
512,Hotel Vishal,54 reviews
513,Florence Inn,578 reviews
514,OYO 12982 Hotel Oris International,143 reviews
515,Caspia Hotel New Delhi Shalimar Bagh,503 reviews
516,Amigos India,32 reviews
517,Hotel Pink City,18 reviews
518,Hotel City Centre,238 reviews
519,OYO 2259 Hotel Blu Oliv,180 reviews
520,Jukaso Inn,141 reviews
521,Oyo 580 PMH,156 reviews
522,Orana Hotels and Resorts,202 reviews
523,Casa Delhi Eco-Farm & Retreat,20 reviews
524,Magsons Resorts,45 reviews
525,OYO 15842 The Banyan Farm,30 reviews
526,Dee Marks Hotel & Resorts,127 reviews
527,Hotel Opera,42 reviews
528,Pride Kadamb Kunj Resort Bharatpur,391 reviews
529,Foothills Himalaya,48 reviews
530,CP VILLA Bed and Breakfast,28 reviews
531,The Tree House Resort,750 reviews
532,Capital O 6408 Hotel Delhi Heart,11 reviews
533,Silver Ferns Hotel,104 reviews
534,Elina Bed And Breakfast,67 reviews
535,Shreyans Inn,74 reviews
536,Hotel Mayank Residency,117 reviews
537,Mehra Residency at the Airport,98 reviews
538,Radisson Gurugram Sohna Road City Center,410 reviews
539,Soul Stay,22 reviews
540,V Resorts Farm Stay Delhi,60 reviews
541,OYO 2201 Hotel Royal Mirage,50 reviews
542,OYO 6189 Paharganj,41 reviews
543,FabHotel Star Delhi Airport,143 reviews
544,Harry's Bed and Breakfast,68 reviews
545,J P Hotel & Resort,156 reviews
546,Evoke Lifestyle,113 reviews
547,Hotel Relax Inn,136 reviews
548,Hotel Singh Palace,151 reviews
549,Rao Raj Vilas,50 reviews
550,Capital O 1206 Hotel Silver Stone,65 reviews
551,Basera,18 reviews
552,SABS Homestay,24 reviews
553,Hotel Malik Continental,136 reviews
554,The Kikar Lodge,309 reviews
555,The Regent Cha Am Beach Resort,"1,102 reviews"
556,Hotel Sun Village,25 reviews
557,FabHotel Exotica Greenpark,30 reviews
558,Treebo Trend JP Inn,28 reviews
559,Hotel Ashoka Palace,33 reviews
560,Hotel Emperor Palms,493 reviews
561,Hotel Private Affair,107 reviews
562,Capital O 4051 La Sapphire,94 reviews
563,Hotel Ivory 32,101 reviews
564,Hotel Tashkent Palace,94 reviews
565,Hotel Sohi Residency,102 reviews
566,Centra Inn,79 reviews
567,Hotel Bill Palace,137 reviews
568,Hotel Kings Inn,154 reviews
569,Capital O 183,96 reviews
570,Hotel Africa Avenue- Safdarjung Enclave,136 reviews
571,Capital O 2242 Hotel Yuvraj Deluxe,34 reviews
572,Hotel Darpan Palace,38 reviews
573,Taj Malabar Resort & Spa Cochin,"2,681 reviews"
574,Hotel Kingston,31 reviews
575,Hotel Liv Inn,31 reviews
576,OYO 471 Sehej Continental,45 reviews
577,Mahagun Sarovar Portico Suites,723 reviews
578,Hotel Atithi Palace,21 reviews
579,26 reviews,Hotel Delhi Regency
580,31 reviews,Vivaana Culture Hotel
581,"1,174 reviews",Capital O 28618 New Haven Hotel
582,52 reviews,Hotel Geetasaar
583,42 reviews,Bonlon Inn
584,71 reviews,Atithi
585,13 reviews,TG Tashkent Hotel
586,72 reviews,Swift Residency - Connaught Place
587,32 reviews,Hotel Pitrashish Grand
588,26 reviews,Hotel Star View
589,48 reviews,Hotel Connaught Royale
590,102 reviews,Divine Ganga Cottage
591,900 reviews,Queens County Inn and Suites Long Island City
592,"2,082 reviews",OYO 5943 TJS Grand
593,46 reviews,Regenta Resort Bharatpur
594,332 reviews,India International Centre Guest House
595,30 reviews,Hotel Blue Berry
596,52 reviews,OYO 1987 Paharganj
597,28 reviews,Le Grand Delhi
598,54 reviews,JRD Exotica
599,New Golden Flower Heritage Houseboat,457 reviews
600,OYO 8265 The Olive Inn,125 reviews
601,The Hridayesh Wilderness Resort,308 reviews
602,The Sirmour Retreat,158 reviews
603,Hotel India International DX,40 reviews
604,Essence of Nature Resort,145 reviews
605,Hotel Regent Continental,105 reviews
606,Hotel West Inn,49 reviews
607,Hotel SK Crown Park,66 reviews
608,Hotel Park Residency,92 reviews
609,Hotel Indo Continental,40 reviews
610,Namaskar India,44 reviews
611,Hotel Prince Polonia,142 reviews
612,Hotel Sai Miracle,80 reviews
613,Hotel Grand President,74 reviews
614,Hotel Singh Sahib,67 reviews
615,Capital O 467 Hotel Livasa Inn,97 reviews
616,Capital O 3924 Durga International,47 reviews
617,Velvet Apple Hotel,52 reviews
618,Hotel Vintage Inn,78 reviews
619,Hotel Golden Oasis,44 reviews
620,OYO 3349 Hotel Anoop,177 reviews
621,OYO 11357 Karol Bagh,43 reviews
622,Hotel High 5 Land,89 reviews
623,OYO 7655 Om Paradise Hotel,93 reviews
624,Mapple Express,72 reviews
625,The Lazeez Hotel & Restaurant,11 reviews
626,Jaypore House,20 reviews
627,Qutub Residency,59 reviews
628,Hotel Palm Greens,29 reviews
629,Hotel Shanti Villa,65 reviews
630,OYO 4258 Hari's Court Inns & Hotels,60 reviews
631,Hotel Amrapali Grand,79 reviews
632,Satvik by Chhabra Farms,61 reviews
633,Capital O 443 Hotel Lohias,64 reviews
634,Hotel Marina,157 reviews
635,Hotel TJS Royale,68 reviews
636,Hotel Sahara International Deluxe,30 reviews
637,Hotel Rama Deluxe,31 reviews
638,OYO 5696 R Continental,18 reviews
639,Clarks Inn Kailash Colony,78 reviews
640,OYO 20000 Hotel Cottage Crown Plaza,66 reviews
641,Hotel Vishal Residency,104 reviews
642,Hotel MGM Residency,29 reviews
643,Hotel Shreeram Deluxe,23 reviews
644,Hotel Rangoli,26 reviews
645,The Lazy Patio,14 reviews
646,OYO 475 Hotel Garden View,41 reviews
647,Hotel Jyoti Deluxe,66 reviews
648,Hotel Venus,55 reviews
649,Corbett The Baagh Spa & Resort,933 reviews
650,Winnies Holiday Resort & Spa,463 reviews
651,Hotel Tourist Lodge,34 reviews
652,Capital O 445 Impress Hotel,88 reviews
653,The Bagh,333 reviews
654,Hotel Maple Inn,29 reviews
655,Hotel Park View,30 reviews
656,Shahpura Haveli,89 reviews
657,Treebo Trend Regalia Retreat,97 reviews
658,FabHotel Marble Arch Karol Bagh,57 reviews
659,FabHotel Conclave Boutique,76 reviews
660,Parkland Kalkaji,34 reviews
661,Indus Biznotel,62 reviews
662,HOG hostel,51 reviews
663,Thirtysix International,44 reviews
664,Avantika Inn,11 reviews
665,Hotel Major's Den,32 reviews
666,The Pamposh,43 reviews
667,"Red Fox Hotel, Bhiwadi",557 reviews
668,Perch Arbor - Golf Course Road,94 reviews
669,Hotel Oscar,56 reviews
670,Hotel Mandakini Palace,48 reviews
671,OYO 26953 Krishna Plaza,48 reviews
672,Capital O 367 Hotel Forest Green,55 reviews
673,Hotel Oasis Delhi,10 reviews
674,Goldfinch Delhi NCR,112 reviews
675,Hotel Sky Rich International,35 reviews
676,Hotel Signature Grand,65 reviews
677,Hotel Ashiana,23 reviews
678,Ambrosia Sarovar Portico Hotel,378 reviews
679,OYO Rooms Rajinder Nagar,18 reviews
680,OYO 18480 Runway,95 reviews
681,Indraprastha Hotel,37 reviews
682,Hotel Station View,30 reviews
683,Airport Residency,89 reviews
684,Grand FFOUR,62 reviews
685,Sonu Guest House,48 reviews
686,DolphInn Just Like Home,23 reviews
687,Potala Hotel,34 reviews
688,"Country Inn & Suites by Radisson, Gurgaon Sohna Road",411 reviews
689,OYO 8967 Hotel Shivaay Palace,60 reviews
690,Hotel Sri Nanak Continental,62 reviews
691,Golden Tulip BDI Club and Suites Bhiwadi,189 reviews
692,Himalayan Hostel and B&B,49 reviews
693,The Star Grand,65 reviews
694,GMVN Tip N Top,144 reviews
695,Golden Tulip Chattarpur,216 reviews
696,Petite Homestays,17 reviews
697,Hotel Africa Avenue GK1,84 reviews
698,FabHotel Anutham I,73 reviews
699,Hotel Centre Point Srinagar,511 reviews
700,OYO 2894 Hotel Guru Vas Inn,29 reviews
701,FabHotel Mulberry Retreat,46 reviews
702,Capital O 5410 Hotel Era International,76 reviews
703,Regenta Hotel & Convention Centre,50 reviews
704,Hotel L'Affaire,85 reviews
705,Hotel Check In By Oran,46 reviews
706,Oodles Chattarpur,98 reviews
707,Hotel Rajdoot,21 reviews
708,Hotel Grand Plaza Paharganj,28 reviews
709,Hotel Bellvue,51 reviews
710,Hotel Gautam Deluxe,75 reviews
711,Hotel Welcome Palace,35 reviews
712,Hotel Green Lotus,53 reviews
713,FabHotel Conclave Comfort East Of Kailash,31 reviews
714,Airport Hotel Delhi 37,22 reviews
715,Aravali Resorts,140 reviews
716,Citrus County,132 reviews
717,OYO 3196 Hotel Sapphire New Delhi Railway Station,12 reviews
718,Yes Boss By Backpackers Heaven,15 reviews
719,Hotel Star Villa,22 reviews
720,The Grand Vikalp - A Boutique Hotel,30 reviews
721,The mystic soul,9 reviews
722,OYO 37557 Hotel Hridey Inn,31 reviews
723,Chokhi Dhani Resort,"1,138 reviews"
724,Hotal Cama,27 reviews
725,Hotel LA,69 reviews
726,OYO 10848 Hotel Geeson,36 reviews
727,Hotel Le Seasons,268 reviews
728,Hotel Relax New Delhi,21 reviews
729,Hotel Dakha International,26 reviews
730,"Lemon Tree Hotel, East Delhi Mall, Kaushambi",695 reviews
731,Hotel Jeniffer Inn,61 reviews
732,The Eden Hotel,25 reviews
733,Hotel Saffron Kiran,42 reviews
734,Village Resort,36 reviews
735,Hotel Kabeer,20 reviews
736,Hotel D Suites Dx,18 reviews
737,Hare Rama Guest House,57 reviews
738,Treebo Trend Sehej Inn,37 reviews
739,OYO 18867 Shyam Palace,10 reviews
740,The Familynest Homestay,7 reviews
741,Hotel Milan Deluxe,32 reviews
742,Hotel Samrat,196 reviews
743,New Buckingham Palace Houseboat,222 reviews
744,The Birdcage,99 reviews
745,Hotel Shyama International,25 reviews
746,Karon Hotels Lajpat Nagar,33 reviews
747,Pablas International Hotel,37 reviews
748,Treebo Trend Grd Inn,51 reviews
749,OYO Rooms Paharganj DB Gupta Road 2,14 reviews
750,Hotel d'Presidente,37 reviews
751,Radisson Blu Plaza Bangkok,"2,900 reviews"
752,Airport Hotel Waves,151 reviews
753,"Writers Hill, Sirmour",96 reviews
754,Amar Inn Hotel,23 reviews
755,Clarks Inn,88 reviews
756,OYO 6124 Lord Krishna Dx Inn,31 reviews
757,"The Oberoi, Gurgaon","1,774 reviews"
758,23 reviews,Hotel Roop Vilas Palace
759,103 reviews,OYO 559 Hotel Kastor Internationaloy
760,53 reviews,Rainbow Residency
761,27 reviews,Capital O 6367 Palm Springs Hotel
762,52 reviews,Hotel Shivam International
763,27 reviews,OYO 9029 Hotel Grand Shoba
764,71 reviews,FabHotel Arina Inn Darya Ganj
765,36 reviews,Hotel Pahwa International
766,31 reviews,Trendy Bed and Breakfast
767,37 reviews,OYO 8505 Hotel Ashu Palace
768,31 reviews,Residency Resorts
769,27 reviews,OYO 1824 Hotel Grand Peepal
770,87 reviews,Gokul Residency
771,31 reviews,Hotel Millennium 2000 Deluxe
772,22 reviews,Hotel Suzi International By Hello Hotels
773,23 reviews,Hotel Raj villa
774,52 reviews,Itsara Suites & Spa
775,326 reviews,Hotel Deer Parkk
776,26 reviews,Naad Wellness
777,20 reviews,iLodge @ Nehru Place
778,Juniper Bed & Breakfast,104 reviews
779,Young Alzira Group of House Boats,90 reviews
780,Hotel New Anand Niwas,Hotel Hare Krishna
781,75 reviews,OYO 3277 Hotel The Gold Inn
782,33 reviews,FabExpress Le Continental
783,20 reviews,Hotel Roma Deluxe
784,35 reviews,Hotel Kingston Park
785,28 reviews,Sofitel Mumbai BKC
786,"6,803 reviews",Hotel Mem International
787,36 reviews,Fredy's Bungalow
788,69 reviews,Dia Park Premier
789,140 reviews,18 reviews
790,Holiday Regency Hotel,130 reviews
791,Dolphin Hotel,"1,930 reviews"
792,OYO 8933 Hotel CG International,12 reviews
793,MHE Beach Camp,70 reviews
794,Nomadia Hostel by Anara Homes & Villas,12 reviews
795,Ahuja Residency DLF Phase 2,98 reviews
796,Corbett Adventure Resort,223 reviews
797,Sterling Ooty Fern Hill,"2,336 reviews"
798,The Park Chennai,"3,454 reviews"
799,WelcomHeritage Mandir Palace,454 reviews
800,Ramada by Wyndham New Delhi Pitampura,37 reviews
801,Raj Mahal Inn,54 reviews
802,The Mughal Heritage,11 reviews
803,The Golden House,180 reviews
804,Mapple Emerald,175 reviews
805,Capital O 11689 Kelvish Hotel,33 reviews
806,Hotel Good Times,220 reviews
807,Collection O 45480 Metro View Inn,17 reviews
808,Hampton Inn & Suites Monroe,436 reviews
809,The Mayflower,24 reviews
810,Hotel Cartel Palace,15 reviews
811,Kasang Regency Hill Resort,627 reviews
812,Dream Island Resort,38 reviews
813,Hotel Diplomat Residency,64 reviews
814,Hotel Regent Intercontinental,59 reviews
815,OYO Rooms Main Bazar Paharganj,48 reviews
816,Royal Group of Houseboats,144 reviews
817,Hotel Le Cadre,50 reviews
818,Aromatic At City Center,6 reviews
819,Capital O 307 Hotel The Class,62 reviews
820,Ramanujams Lodging House,14 reviews
821,Skyz Home Stay,22 reviews
822,"Trident, Gurgaon","1,609 reviews"
823,OYO 5387 Hotel Arihant Inn,43 reviews
824,Marigold B&B,12 reviews
825,Hotel Royal Star,33 reviews
826,Iris Hometel Harinagar,28 reviews
827,Mela Kothi - The Chambal Safari Lodge,252 reviews
828,Capital O 8497 Hotel Aerotech,43 reviews
829,Treebo the Baghban,61 reviews
830,OYO 7353 Ambrosia,31 reviews
831,Hotel Royal Castle Grand,32 reviews
832,Treebo Southwest Inn,83 reviews
833,Urban Courtyard By Laurent & Benon,41 reviews
834,Hotel Grand Central,47 reviews
835,OYO 26172 Hotel De Aura,78 reviews
836,FabHotel Aashraye,46 reviews
837,Hotel Sewa Grand,77 reviews
838,Hotel Castle Blue,70 reviews
839,Resort Mellorosa,154 reviews
840,BEST WESTERN Country Woods,174 reviews
841,Hotel Aero Star,58 reviews
842,Calista Resort,21 reviews
843,Hathi Mauja,225 reviews
844,Shiva Oasis Resort,214 reviews
845,Golden Apple Cottage,103 reviews
846,OYO 27928 Metropolis Guest House,41 reviews
847,OYO 484 RTS Hotel,27 reviews
848,Hotel Delhi Darshan D X,25 reviews
849,FabHotel Africa Avenue,21 reviews
850,Spoontree Boutique BnB,74 reviews
851,Hotel Panchwati,70 reviews
852,3 reviews,Hotel Raj Niwas Palace
853,194 reviews,Hotel Himalaya Castle
854,89 reviews,Karma Sitabani
855,128 reviews,OYO 2599 Anantkoti Hotel
856,23 reviews,Beyond Hotel
857,17 reviews,Metro City Hotel
858,27 reviews,Hostelicious by Backpackers Heaven
859,8 reviews,Hotel Shanti Palace (Patel Nagar)
860,26 reviews,Sky View Guest House
861,20 reviews,Park Ridge Hotel Resort & Spa
862,52 reviews,Park Area 22
863,5 reviews,Claremont Hotel and Convention Centre
864,48 reviews,Radisson Blu Suites Gurgaon
865,92 reviews,Neemrana Fort-Palace
866,Neemrana's - Piramal Haveli,74 reviews
867,Hotel Paradise Inn,45 reviews
868,Hotel Ivy Plaza,55 reviews
869,Hotel Golden Gate Deluxe,25 reviews
870,The Jehan by juSTa,43 reviews
871,Yes Please Guest House,28 reviews
872,Asian Guest House,13 reviews
873,Gulmohar Sariska Resort,90 reviews
874,Achrol Niwas A Treehouse Hotel Jaipur,153 reviews
875,The Club Platinum Resort,49 reviews
876,Hotel Grand Imperial,36 reviews
877,Hotel Highway King Jaipur,51 reviews
878,Sai Home Stay,232 reviews
879,Taj Hotel,36 reviews
880,Hotel Usha Bundela,238 reviews
881,Treebo Trip Royal Residency,12 reviews
882,BMS Service Apartments Noida,47 reviews
883,Banon Resorts Manali,191 reviews
884,Umaid Lake Palace - An Organic Retreat,239 reviews
885,Tikli Bottom,60 reviews
886,Hotel Delhi Airport,12 reviews
887,Hotel Welcome,26 reviews
888,Hotel Chanakya Inn,171 reviews
889,Seyfert Sarovar Premiere,223 reviews
890,FabHotel Divine Inn Hotel,12 reviews
891,Parkhotel Quellenhof Aachen,"1,361 reviews"
892,Hotel Arch,16 reviews
893,OYO 5987 Seven Seas Inn,12 reviews
894,Shakunt Resort,42 reviews
895,Matsya Vilas,210 reviews
896,The Renuka(HPTDC),100 reviews
897,Hotel Konark,18 reviews
898,Hotel Le Mem,16 reviews
899,Satya-jyoti,25 reviews
900,Tivoli Garden Resort Hotel,270 reviews
901,"Clarks Inn, Gurgaon, Delhi-NCR",95 reviews
902,OYO 6317 Hotel Shiv Palace,13 reviews
903,OYO 714 Hotel De Plaza,37 reviews
904,Sumitra Inn Delhi,7 reviews
905,Hotel Dream Palace,3 reviews
906,Corbett Comfortable Resort,67 reviews
907,Firdaus Naukuchiatal,77 reviews
908,Le Grand Hotel,50 reviews
909,Hotel Goodluck,61 reviews
910,Hotel Vishal Residency,36 reviews
911,OYO 8336 Hotel De Gold,39 reviews
912,The Hermitage Hotel (By Cosy Hotels),18 reviews
913,FabHotel Fables Safdarjung,31 reviews
914,Hotel Tribhovan Palace,7 reviews
915,Capital O 5198 Hotel HCGrand,4 reviews
916,Houseboat New Maharaja Palace,51 reviews
917,Hotel Le-Cosmos,12 reviews
918,OYO 70101 Hotel Hridey Dx,9 reviews
919,Wet 'n' Wild Resorts,39 reviews
920,Sariska Tiger Camp Resort,112 reviews
921,Ramada Plaza by Wyndham Agra,"1,130 reviews"
922,Trees n Tigers Sariska,161 reviews
923,Glitter Hotel,9 reviews
924,Hotel Gush International,22 reviews
925,Hotel WTI Airport,14 reviews
926,Mohini Home Stay,251 reviews
927,The Sunshine Heritage,110 reviews
928,OYO 37118 Hotel Cosmo,19 reviews
929,Bob's Place,122 reviews
930,OYO 15096 Hotel Daya Continental,47 reviews
931,Mini Yes Please,4 reviews
932,Gaj Retreat Manaswal,78 reviews
933,Woodpecker Bed & Breakfast,14 reviews
934,Asif Guest House,71 reviews
935,Chatrath's Indian Home Stay,7 reviews
936,Cosmopolitan Hotel Jodhpur,185 reviews
937,The Forrest Rajaji National Park by Leisure Hotels,34 reviews
938,Capital O 2457 Hotel Green Lotus,14 reviews
939,7 reviews,OYO 9042 Hotel City Stories 3
940,18 reviews,Hotel Ritz
941,24 reviews,The Lalit Chandigarh
942,"1,627 reviews",Courtyard by Marriott Gurugram Downtown
943,"2,316 reviews",Shilon Resort
944,103 reviews,The Nanee Suites
945,37 reviews,Hotel Noble International
946,6 reviews,Traveller Guest House
947,7 reviews,Chander Palace
948,17 reviews,Avatar Living
949,13 reviews,BnB-Delhi
950,4 reviews,Surya Palace
951,43 reviews,Capital O 464 Hotel Lotus Palace
952,29 reviews,Hotel The W
953,22 reviews,Chandigarh Ashok
954,198 reviews,Fortune Inn Grazia
955,Snow Summer View Cottage,40 reviews
956,New Delhi B & B,4 reviews
957,The Fern Surya Resort,120 reviews
958,Hotel Surya Palace,18 reviews
959,Andaz Shimla,84 reviews
960,OYO 2227 Hotel Chalet,17 reviews
961,Alokik Resort- Pure Veg,96 reviews
962,Krishna Haveli Hotel,65 reviews
963,Hotel Om International,10 reviews
964,Bombay Palace Hotel,17 reviews
965,The Lake Village,276 reviews
966,OYO Rooms New Friends Colony,31 reviews
967,Hotel Harshikhar,474 reviews
968,Hotel Oxford International,19 reviews
969,Heritage Haveli,117 reviews
970,OYO 9606 City Centre Home,23 reviews
971,Hotel Green Lotus - Dwarka,16 reviews
972,Hotel Royal Queen,29 reviews
973,Thirty Three - The Boutique Hotel,72 reviews
974,Hotel Kelvish Plaza,26 reviews
975,Divine Inn,10 reviews
976,Hotel Ramhan Palace,108 reviews
977,Vanaashrya,121 reviews
978,World Square Hotel,73 reviews
979,OYO 5334 Hotel Jindal Palace,14 reviews
980,Lytton Hotel,238 reviews
981,Windcross Hotel,61 reviews
982,OYO Premium Airport Link,16 reviews
983,ISKCON Guest House,12 reviews
984,Parkland Safdarjung Enclave,22 reviews
0,Seclude Kasauli,44 reviews
1,Hotel Airway Palace,6 reviews
2,New Frontier Hotel,13 reviews
3,GCC Hotel and Club,302 reviews
4,Laxmi Niwas Palace,89 reviews
5,Hotel Surya Shelter,8 reviews
6,Lamba's House,17 reviews
7,OYO Premium Dwarka Near Airport,17 reviews
8,Amidst Monuments and Serenity,5 reviews
9,Hotel Saina International,15 reviews
10,Hotel Gold Inn,13 reviews
11,OYO 12419 Hotel Silver Shine,18 reviews
12,OYO 7844 Hotel Welcome Plaza,15 reviews
13,The Noble Inn,6 reviews
14,OYO 19608 Hotel Heritage Inn,7 reviews
15,Treebo Trend Hotel Mohit,22 reviews
16,OYO 9270 Paharganj,23 reviews
17,Hotel Rupam,404 reviews
18,The Golden Palms Hotel & Spa,159 reviews
19,Parkland Green Park,25 reviews
20,Hotel Sarthak Palace,145 reviews
21,Aura Hotels,136 reviews
22,Aman Homestay,694 reviews
23,Arman the green BnB,15 reviews
24,Wood Creek Resort & Spa,94 reviews
25,Bajrang Guest House,9 reviews
26,OYO 6188 Hotel Rossette,11 reviews
27,Hotel Capital Residency,3 reviews
28,The Grand Uddhav,23 reviews